<?xml version="1.0" encoding="UTF-8"?>
<project-private xmlns="http://www.netbeans.org/ns/project-private/1">
    <editor-bookmarks xmlns="http://www.netbeans.org/ns/editor-bookmarks/2" lastBookmarkId="0"/>
    <open-files xmlns="http://www.netbeans.org/ns/projectui-open-files/2">
        <group>
            <file>file:/C:/Users/USER/Documents/NetBeansProjects/parcial_finish%20(3)/parcial_finish/parcial_finish/src/gestionpropiedades.java</file>
            <file>file:/C:/Users/USER/Documents/NetBeansProjects/parcial_finish%20(3)/parcial_finish/parcial_finish/src/roles.java</file>
            <file>file:/C:/Users/USER/Documents/NetBeansProjects/parcial_finish%20(3)/parcial_finish/parcial_finish/src/iniciarsesion.java</file>
            <file>file:/C:/Users/USER/Documents/NetBeansProjects/parcial_finish%20(3)/parcial_finish/parcial_finish/src/postlocalizacion.java</file>
            <file>file:/C:/Users/USER/Documents/NetBeansProjects/parcial_finish%20(3)/parcial_finish/parcial_finish/src/Propiedad.java</file>
            <file>file:/C:/Users/USER/Documents/NetBeansProjects/parcial_finish%20(3)/parcial_finish/parcial_finish/src/modPropietario.java</file>
            <file>file:/C:/Users/USER/Documents/NetBeansProjects/parcial_finish%20(3)/parcial_finish/parcial_finish/src/usuario.java</file>
            <file>file:/C:/Users/USER/Documents/NetBeansProjects/parcial_finish%20(3)/parcial_finish/parcial_finish/src/Sesion.java</file>
            <file>file:/C:/Users/USER/Documents/NetBeansProjects/parcial_finish%20(3)/parcial_finish/parcial_finish/src/registrarse.java</file>
            <file>file:/C:/Users/USER/Documents/NetBeansProjects/parcial_finish%20(3)/parcial_finish/parcial_finish/src/registrarpropiedades.java</file>
        </group>
    </open-files>
</project-private>
